total_pop,occupied_units,renter_occupied,labor_force,unemployed,owner_no_vehicle,renter_no_vehicle,state,county,tract,block group,state_fips,county_fips,block_group,acs_data_year,pct_renter,pct_unemployed,pct_no_vehicle
1298,607,167,558,19,37,0,37,119,003022,1,37,119,1,2023,0.2751235584843493,0.034050179211469536,0.060955518945634266
1635,788,408,1274,122,49,0,37,119,005864,1,37,119,1,2023,0.5177664974619289,0.09576138147566719,0.06218274111675127
2572,1418,1194,1903,153,138,16,37,119,005927,2,37,119,2,2023,0.842031029619182,0.08039936941671046,0.10860366713681241
894,630,450,766,0,25,0,37,119,002500,2,37,119,2,2023,0.7142857142857143,0.0,0.03968253968253968
679,363,177,500,0,63,0,37,119,003111,2,37,119,2,2023,0.48760330578512395,0.0,0.17355371900826447
1919,1334,776,1715,19,182,79,37,119,000104,1,37,119,1,2023,0.5817091454272864,0.011078717201166181,0.1956521739130435
2005,786,303,1265,71,15,0,37,119,005811,1,37,119,1,2023,0.38549618320610685,0.05612648221343874,0.019083969465648856
967,488,488,791,20,0,0,37,119,006112,2,37,119,2,2023,1.0,0.025284450063211124,0.0
977,420,408,564,14,74,0,37,119,003102,3,37,119,3,2023,0.9714285714285714,0.024822695035460994,0.1761904761904762
1393,968,968,1293,35,168,0,37,119,000102,2,37,119,2,2023,1.0,0.027068832173240527,0.17355371900826447
1093,398,144,490,69,11,47,37,119,004000,4,37,119,4,2023,0.36180904522613067,0.14081632653061224,0.1457286432160804
1515,692,607,1071,80,44,0,37,119,005829,2,37,119,2,2023,0.8771676300578035,0.07469654528478058,0.06358381502890173
1243,836,476,1094,0,42,15,37,119,000102,1,37,119,1,2023,0.569377990430622,0.0,0.06818181818181818
1973,1250,1010,1454,27,17,0,37,119,002903,3,37,119,3,2023,0.808,0.018569463548830812,0.0136
3876,1368,1071,1947,31,199,0,37,119,005301,1,37,119,1,2023,0.7828947368421053,0.015921931176168466,0.14546783625730994
1121,519,300,647,0,17,9,37,119,001200,2,37,119,2,2023,0.5780346820809249,0.0,0.05009633911368015
750,558,505,638,0,31,0,37,119,000101,2,37,119,2,2023,0.9050179211469535,0.0,0.05555555555555555
1489,668,89,633,11,0,0,37,119,005855,3,37,119,3,2023,0.13323353293413173,0.017377567140600316,0.0
1330,754,45,453,9,0,0,37,119,002800,3,37,119,3,2023,0.05968169761273209,0.019867549668874173,0.0
1997,1034,468,1401,95,61,5,37,119,000800,1,37,119,1,2023,0.4526112185686654,0.06780870806566738,0.06382978723404255
3034,1280,1193,1868,112,115,11,37,119,001701,2,37,119,2,2023,0.93203125,0.059957173447537475,0.0984375
2725,1306,671,1667,98,18,0,37,119,005859,1,37,119,1,2023,0.5137825421133231,0.05878824235152969,0.013782542113323124
599,396,206,478,12,5,13,37,119,001000,2,37,119,2,2023,0.5202020202020202,0.02510460251046025,0.045454545454545456
2166,821,706,1192,30,54,0,37,119,005307,2,37,119,2,2023,0.8599269183922046,0.025167785234899327,0.06577344701583435
1389,1006,555,867,41,285,0,37,119,000503,1,37,119,1,2023,0.55168986083499,0.04728950403690888,0.28330019880715707
947,599,589,830,0,104,0,37,119,000402,1,37,119,1,2023,0.9833055091819699,0.0,0.17362270450751252
2253,906,323,1254,26,37,9,37,119,005840,1,37,119,1,2023,0.3565121412803532,0.02073365231259968,0.05077262693156733
2249,933,691,1328,61,24,10,37,119,005858,2,37,119,2,2023,0.7406216505894962,0.04593373493975904,0.03644158628081458
2568,1095,750,1598,54,30,14,37,119,005827,1,37,119,1,2023,0.684931506849315,0.03379224030037547,0.04018264840182648
214,147,11,127,10,0,0,37,119,005853,2,37,119,2,2023,0.07482993197278912,0.07874015748031496,0.0
1220,533,69,639,16,0,19,37,119,003204,3,37,119,3,2023,0.1294559099437148,0.025039123630672927,0.03564727954971857
0,0,0,0,0,0,0,37,119,980100,1,37,119,1,2023,,,
1026,481,425,542,0,51,0,37,119,001508,3,37,119,3,2023,0.8835758835758836,0.0,0.10602910602910603
2157,813,222,1095,24,0,0,37,119,005520,3,37,119,3,2023,0.2730627306273063,0.021917808219178082,0.0
1409,685,372,901,44,28,1,37,119,001701,1,37,119,1,2023,0.5430656934306569,0.048834628190899,0.042335766423357665
2608,852,160,1470,77,5,15,37,119,001921,1,37,119,1,2023,0.18779342723004694,0.05238095238095238,0.023474178403755867
843,397,251,275,11,108,22,37,119,004800,2,37,119,2,2023,0.6322418136020151,0.04,0.327455919395466
873,434,324,475,0,68,6,37,119,004000,2,37,119,2,2023,0.7465437788018433,0.0,0.17050691244239632
1628,771,403,711,38,152,26,37,119,005306,2,37,119,2,2023,0.522697795071336,0.053445850914205346,0.23086900129701687
1754,1164,1010,1567,62,99,26,37,119,005536,3,37,119,3,2023,0.8676975945017182,0.03956604977664327,0.10738831615120274
1526,451,0,478,60,0,0,37,119,005913,3,37,119,3,2023,0.0,0.12552301255230125,0.0
3074,1155,463,1734,20,47,0,37,119,005612,2,37,119,2,2023,0.40086580086580087,0.011534025374855825,0.04069264069264069
3905,1404,610,1884,141,17,0,37,119,001505,2,37,119,2,2023,0.43447293447293445,0.07484076433121019,0.012108262108262107
3548,1017,301,1563,96,0,14,37,119,005716,2,37,119,2,2023,0.295968534906588,0.061420345489443376,0.01376597836774828
1590,586,334,967,0,30,0,37,119,005406,2,37,119,2,2023,0.5699658703071673,0.0,0.051194539249146756
1962,1111,856,1308,0,128,0,37,119,003111,1,37,119,1,2023,0.7704770477047704,0.0,0.1152115211521152
1045,502,478,333,48,226,24,37,119,003903,1,37,119,1,2023,0.952191235059761,0.14414414414414414,0.49800796812749004
1563,918,832,1119,16,17,0,37,119,005511,2,37,119,2,2023,0.906318082788671,0.014298480786416443,0.018518518518518517
2496,913,839,1153,21,169,0,37,119,001910,1,37,119,1,2023,0.91894852135816,0.01821335646140503,0.1851040525739321
1299,546,348,1068,41,0,0,37,119,006110,1,37,119,1,2023,0.6373626373626373,0.03838951310861423,0.0
2129,1025,688,1341,62,16,0,37,119,001918,2,37,119,2,2023,0.671219512195122,0.04623415361670395,0.015609756097560976
700,325,287,370,44,17,0,37,119,005534,1,37,119,1,2023,0.8830769230769231,0.11891891891891893,0.052307692307692305
1642,849,849,1334,300,0,0,37,119,002005,2,37,119,2,2023,1.0,0.22488755622188905,0.0
2363,801,748,1277,85,105,0,37,119,001914,1,37,119,1,2023,0.9338327091136079,0.06656225528582616,0.13108614232209737
1307,718,77,642,0,23,0,37,119,005621,2,37,119,2,2023,0.10724233983286909,0.0,0.03203342618384401
2693,1312,1152,2043,140,97,0,37,119,005915,2,37,119,2,2023,0.8780487804878049,0.06852667645619187,0.07393292682926829
3969,1132,482,1616,53,112,14,37,119,005845,2,37,119,2,2023,0.42579505300353354,0.0327970297029703,0.11130742049469965
1121,592,347,871,52,17,11,37,119,001919,1,37,119,1,2023,0.5861486486486487,0.05970149253731343,0.0472972972972973
1542,794,520,931,17,66,0,37,119,002909,1,37,119,1,2023,0.654911838790932,0.018259935553168637,0.08312342569269521
2530,982,334,1639,109,23,51,37,119,005932,1,37,119,1,2023,0.34012219959266804,0.06650396583282489,0.07535641547861507
3756,1187,399,2034,112,30,19,37,119,005613,1,37,119,1,2023,0.33614153327716934,0.05506391347099312,0.041280539174389216
3220,1251,716,2093,178,33,0,37,119,001504,1,37,119,1,2023,0.5723421262989609,0.08504538939321549,0.026378896882494004
2648,926,891,891,214,444,0,37,119,002300,2,37,119,2,2023,0.9622030237580994,0.24017957351290684,0.4794816414686825
1525,1013,548,1133,7,31,23,37,119,003500,1,37,119,1,2023,0.5409674234945706,0.00617828773168579,0.05330700888450148
564,460,419,293,0,54,7,37,119,005829,1,37,119,1,2023,0.9108695652173913,0.0,0.13260869565217392
2233,1035,845,1512,80,183,0,37,119,005604,1,37,119,1,2023,0.8164251207729468,0.05291005291005291,0.17681159420289855
3826,1602,759,2502,129,9,0,37,119,005921,1,37,119,1,2023,0.4737827715355805,0.05155875299760192,0.0056179775280898875
3001,0,0,1307,341,0,0,37,119,005604,2,37,119,2,2023,,0.260902830910482,
1702,795,493,1184,2,48,0,37,119,003802,3,37,119,3,2023,0.620125786163522,0.0016891891891891893,0.06037735849056604
2012,1052,409,1602,36,0,0,37,119,004102,2,37,119,2,2023,0.3887832699619772,0.02247191011235955,0.0
1417,641,190,1003,0,0,0,37,119,003402,1,37,119,1,2023,0.296411856474259,0.0,0.0
953,582,582,707,19,33,0,37,119,005839,1,37,119,1,2023,1.0,0.026874115983026876,0.05670103092783505
1101,424,66,471,16,0,0,37,119,002903,2,37,119,2,2023,0.15566037735849056,0.03397027600849257,0.0
2451,828,360,1190,50,40,9,37,119,003106,1,37,119,1,2023,0.43478260869565216,0.04201680672268908,0.059178743961352656
1862,449,89,1061,83,0,0,37,119,006013,1,37,119,1,2023,0.19821826280623608,0.07822808671065033,0.0
1649,1176,1176,1610,15,30,0,37,119,003701,1,37,119,1,2023,1.0,0.009316770186335404,0.025510204081632654
1746,1061,805,1451,45,0,10,37,119,002400,1,37,119,1,2023,0.7587181903864278,0.031013094417643005,0.00942507068803016
2141,1022,503,1653,144,48,0,37,119,001400,2,37,119,2,2023,0.49217221135029354,0.08711433756805807,0.046966731898238745
1319,677,472,904,0,93,52,37,119,003600,2,37,119,2,2023,0.6971935007385525,0.0,0.21418020679468242
1630,747,436,913,16,17,47,37,119,002905,2,37,119,2,2023,0.5836680053547524,0.017524644030668127,0.0856760374832664
731,344,127,510,20,0,0,37,119,005815,2,37,119,2,2023,0.3691860465116279,0.0392156862745098,0.0
1746,661,251,888,12,0,0,37,119,002907,2,37,119,2,2023,0.37972768532526474,0.013513513513513514,0.0
514,307,296,399,0,0,0,37,119,005866,3,37,119,3,2023,0.9641693811074918,0.0,0.0
596,298,215,318,10,0,0,37,119,001801,3,37,119,3,2023,0.7214765100671141,0.031446540880503145,0.0
1559,761,335,1215,10,89,9,37,119,003201,2,37,119,2,2023,0.44021024967148487,0.00823045267489712,0.1287779237844941
921,396,93,621,0,9,27,37,119,003302,2,37,119,2,2023,0.23484848484848486,0.0,0.09090909090909091
670,519,504,666,3,31,0,37,119,000700,1,37,119,1,2023,0.9710982658959537,0.0045045045045045045,0.05973025048169557
1132,736,649,917,7,0,0,37,119,002910,2,37,119,2,2023,0.8817934782608695,0.007633587786259542,0.0
2014,898,898,1382,134,33,0,37,119,005866,2,37,119,2,2023,1.0,0.09696092619392185,0.036748329621380846
3104,1148,916,2122,25,281,0,37,119,005854,1,37,119,1,2023,0.7979094076655052,0.0117813383600377,0.24477351916376305
1436,401,174,642,32,4,25,37,119,005916,2,37,119,2,2023,0.4339152119700748,0.04984423676012461,0.07231920199501247
513,358,347,316,6,116,0,37,119,000302,2,37,119,2,2023,0.9692737430167597,0.0189873417721519,0.3240223463687151
2033,1181,1027,1514,57,0,0,37,119,005623,2,37,119,2,2023,0.869602032176122,0.037648612945838836,0.0
1561,897,617,1508,0,39,0,37,119,003805,1,37,119,1,2023,0.6878483835005574,0.0,0.043478260869565216
1823,1065,809,1508,5,0,62,37,119,000700,2,37,119,2,2023,0.7596244131455399,0.0033156498673740055,0.05821596244131456
1515,917,648,1211,35,12,0,37,119,002500,1,37,119,1,2023,0.7066521264994547,0.028901734104046242,0.013086150490730643
1569,877,848,1347,10,162,0,37,119,000502,1,37,119,1,2023,0.9669327251995439,0.007423904974016332,0.1847206385404789
1550,537,0,718,46,0,0,37,119,005846,1,37,119,1,2023,0.0,0.06406685236768803,0.0
1225,672,485,523,0,158,4,37,119,003802,2,37,119,2,2023,0.7217261904761905,0.0,0.24107142857142858
1449,716,418,708,25,95,55,37,119,004600,2,37,119,2,2023,0.5837988826815642,0.03531073446327684,0.20949720670391062
1422,554,105,614,16,0,0,37,119,003008,3,37,119,3,2023,0.18953068592057762,0.026058631921824105,0.0
1233,731,502,887,9,16,0,37,119,003600,1,37,119,1,2023,0.6867305061559508,0.010146561443066516,0.02188782489740082
1679,1113,831,1317,39,16,11,37,119,001000,3,37,119,3,2023,0.7466307277628033,0.029612756264236904,0.02425876010781671
1800,562,212,900,21,0,0,37,119,005405,2,37,119,2,2023,0.37722419928825623,0.023333333333333334,0.0
2432,953,24,1089,0,0,46,37,119,003013,2,37,119,2,2023,0.025183630640083946,0.0,0.048268625393494226
1676,830,502,1132,0,24,3,37,119,005529,1,37,119,1,2023,0.6048192771084338,0.0,0.03253012048192771
3028,1419,746,1877,58,134,1,37,119,005527,1,37,119,1,2023,0.525722339675828,0.03090037293553543,0.09513742071881606
1857,548,56,1175,74,0,14,37,119,005928,1,37,119,1,2023,0.10218978102189781,0.06297872340425532,0.025547445255474453
1164,513,389,745,87,27,6,37,119,005200,3,37,119,3,2023,0.7582846003898636,0.11677852348993288,0.06432748538011696
1903,580,233,1152,127,0,22,37,119,001917,1,37,119,1,2023,0.4017241379310345,0.11024305555555555,0.03793103448275862
326,235,206,247,27,7,0,37,119,001801,1,37,119,1,2023,0.8765957446808511,0.10931174089068826,0.029787234042553193
1628,768,411,1127,75,66,0,37,119,002600,1,37,119,1,2023,0.53515625,0.06654835847382432,0.0859375
565,273,182,303,0,0,0,37,119,004000,1,37,119,1,2023,0.6666666666666666,0.0,0.0
2796,1275,883,1719,53,109,0,37,119,001923,1,37,119,1,2023,0.6925490196078431,0.030831878999418267,0.08549019607843138
685,308,56,365,0,0,13,37,119,005301,2,37,119,2,2023,0.18181818181818182,0.0,0.04220779220779221
2302,926,601,1333,104,0,44,37,119,003809,2,37,119,2,2023,0.6490280777537797,0.07801950487621906,0.047516198704103674
2603,778,376,1247,202,25,0,37,119,001509,2,37,119,2,2023,0.4832904884318766,0.1619887730553328,0.032133676092544985
2999,1119,522,1667,72,0,6,37,119,006103,2,37,119,2,2023,0.46648793565683644,0.04319136172765447,0.005361930294906166
1639,930,856,1029,234,30,0,37,119,003008,2,37,119,2,2023,0.9204301075268817,0.22740524781341107,0.03225806451612903
498,278,160,251,0,23,0,37,119,005920,2,37,119,2,2023,0.5755395683453237,0.0,0.08273381294964029
372,266,107,118,0,91,51,37,119,004200,3,37,119,3,2023,0.40225563909774437,0.0,0.5338345864661654
1255,707,658,1210,26,11,0,37,119,003702,1,37,119,1,2023,0.9306930693069307,0.021487603305785124,0.015558698727015558
1663,853,294,793,0,13,0,37,119,005861,1,37,119,1,2023,0.34466588511137164,0.0,0.015240328253223915
2960,1315,689,1701,28,122,14,37,119,005850,1,37,119,1,2023,0.5239543726235741,0.01646090534979424,0.10342205323193916
2192,626,133,1161,117,33,45,37,119,005863,2,37,119,2,2023,0.2124600638977636,0.10077519379844961,0.12460063897763578
1617,637,152,1037,42,0,55,37,119,005843,2,37,119,2,2023,0.23861852433281006,0.040501446480231434,0.08634222919937205
1598,636,283,587,6,138,0,37,119,002908,3,37,119,3,2023,0.4449685534591195,0.010221465076660987,0.2169811320754717
992,481,299,709,16,17,0,37,119,005816,2,37,119,2,2023,0.6216216216216216,0.022566995768688293,0.035343035343035345
1023,475,102,464,0,0,17,37,119,002202,1,37,119,1,2023,0.21473684210526317,0.0,0.035789473684210524
3410,1017,173,1631,121,0,16,37,119,005918,3,37,119,3,2023,0.17010816125860373,0.07418761496014716,0.015732546705998034
1607,738,237,1102,59,0,0,37,119,005839,2,37,119,2,2023,0.32113821138211385,0.05353901996370236,0.0
1213,475,152,396,59,0,62,37,119,004600,1,37,119,1,2023,0.32,0.14898989898989898,0.13052631578947368
916,366,165,377,0,11,30,37,119,004400,1,37,119,1,2023,0.45081967213114754,0.0,0.11202185792349727
3651,990,862,1493,55,197,0,37,119,001702,4,37,119,4,2023,0.8707070707070707,0.036838580040187544,0.198989898989899
2843,1019,413,1593,84,0,0,37,119,001916,2,37,119,2,2023,0.4052993130520118,0.05273069679849341,0.0
2344,931,33,1254,69,9,0,37,119,005713,1,37,119,1,2023,0.03544575725026853,0.05502392344497608,0.00966702470461869
1332,555,307,627,75,114,21,37,119,004000,3,37,119,3,2023,0.5531531531531532,0.11961722488038277,0.24324324324324326
2323,612,61,1074,55,17,27,37,119,003810,1,37,119,1,2023,0.09967320261437909,0.051210428305400374,0.0718954248366013
0,0,0,0,0,0,0,37,119,980200,1,37,119,1,2023,,,
1289,452,432,520,79,85,1,37,119,003903,2,37,119,2,2023,0.9557522123893806,0.1519230769230769,0.1902654867256637
257,196,156,195,0,27,0,37,119,001100,2,37,119,2,2023,0.7959183673469388,0.0,0.1377551020408163
2579,1145,451,1331,44,0,0,37,119,005815,1,37,119,1,2023,0.39388646288209606,0.03305785123966942,0.0
1120,468,124,526,92,65,58,37,119,004500,2,37,119,2,2023,0.26495726495726496,0.17490494296577946,0.26282051282051283
1278,560,411,655,0,68,25,37,119,004200,4,37,119,4,2023,0.7339285714285714,0.0,0.16607142857142856
1628,694,275,710,19,107,0,37,119,005405,1,37,119,1,2023,0.3962536023054755,0.02676056338028169,0.15417867435158503
1073,792,690,786,0,52,0,37,119,005533,1,37,119,1,2023,0.8712121212121212,0.0,0.06565656565656566
2901,973,626,1138,0,199,0,37,119,001924,1,37,119,1,2023,0.6433710174717369,0.0,0.20452209660842754
2529,962,155,1266,37,27,0,37,119,005508,1,37,119,1,2023,0.16112266112266113,0.029225908372827805,0.028066528066528068
1617,915,783,917,27,160,0,37,119,000600,1,37,119,1,2023,0.8557377049180328,0.029443838604143947,0.17486338797814208
1102,793,716,971,48,47,6,37,119,000301,1,37,119,1,2023,0.9029003783102144,0.04943357363542739,0.06683480453972257
763,538,529,740,9,6,0,37,119,003401,1,37,119,1,2023,0.983271375464684,0.012162162162162163,0.011152416356877323
1594,640,0,896,11,0,0,37,119,003015,1,37,119,1,2023,0.0,0.012276785714285714,0.0
1645,246,246,343,0,66,0,37,119,000600,2,37,119,2,2023,1.0,0.0,0.2682926829268293
2694,1051,815,1299,66,135,0,37,119,001607,1,37,119,1,2023,0.7754519505233112,0.050808314087759814,0.12844909609895339
1531,808,59,894,3,0,0,37,119,005811,3,37,119,3,2023,0.07301980198019802,0.003355704697986577,0.0
1214,518,194,584,0,0,0,37,119,003019,2,37,119,2,2023,0.3745173745173745,0.0,0.0
1756,698,29,954,30,0,73,37,119,005719,2,37,119,2,2023,0.04154727793696275,0.031446540880503145,0.10458452722063037
2141,874,282,999,0,67,22,37,119,005404,1,37,119,1,2023,0.32265446224256294,0.0,0.10183066361556065
3859,1502,174,1940,24,36,14,37,119,005626,1,37,119,1,2023,0.11584553928095873,0.012371134020618556,0.033288948069241014
1314,761,700,1240,0,0,0,37,119,000402,2,37,119,2,2023,0.9198423127463863,0.0,0.0
802,508,305,493,8,42,8,37,119,004800,3,37,119,3,2023,0.6003937007874016,0.016227180527383367,0.0984251968503937
762,340,96,564,0,0,9,37,119,001702,2,37,119,2,2023,0.2823529411764706,0.0,0.026470588235294117
1019,470,89,599,33,0,0,37,119,005817,1,37,119,1,2023,0.18936170212765957,0.05509181969949917,0.0
1839,725,658,1043,42,88,11,37,119,003108,1,37,119,1,2023,0.9075862068965517,0.040268456375838924,0.13655172413793104
1050,527,225,488,17,56,0,37,119,005511,1,37,119,1,2023,0.4269449715370019,0.03483606557377049,0.1062618595825427
1232,643,409,706,21,129,0,37,119,001300,2,37,119,2,2023,0.6360808709175739,0.029745042492917848,0.2006220839813375
2205,720,309,1422,27,0,0,37,119,005525,1,37,119,1,2023,0.42916666666666664,0.0189873417721519,0.0
2042,781,298,1296,38,57,4,37,119,006008,2,37,119,2,2023,0.38156209987195905,0.029320987654320986,0.07810499359795134
1331,391,29,748,0,0,0,37,119,002201,2,37,119,2,2023,0.0741687979539642,0.0,0.0
1642,620,228,816,39,0,8,37,119,001916,1,37,119,1,2023,0.36774193548387096,0.04779411764705882,0.012903225806451613
1410,514,51,692,11,0,8,37,119,005714,2,37,119,2,2023,0.09922178988326848,0.015895953757225433,0.01556420233463035
2020,914,104,1151,29,25,10,37,119,005517,3,37,119,3,2023,0.1137855579868709,0.02519548218940052,0.038293216630196934
1355,500,147,855,0,0,0,37,119,005536,4,37,119,4,2023,0.294,0.0,0.0
2273,1168,741,1573,25,0,18,37,119,003811,1,37,119,1,2023,0.634417808219178,0.01589319771137953,0.015410958904109588
986,514,293,638,79,21,0,37,119,001925,2,37,119,2,2023,0.5700389105058365,0.1238244514106583,0.04085603112840467
3084,1161,895,1547,96,22,32,37,119,003807,2,37,119,2,2023,0.7708871662360034,0.062055591467356175,0.046511627906976744
1752,631,182,865,0,20,0,37,119,005536,2,37,119,2,2023,0.2884310618066561,0.0,0.03169572107765452
2116,578,314,1052,0,24,0,37,119,003807,1,37,119,1,2023,0.5432525951557093,0.0,0.04152249134948097
2696,942,231,1489,36,83,8,37,119,001922,2,37,119,2,2023,0.24522292993630573,0.0241773002014775,0.09660297239915075
2208,1040,1040,1482,9,41,0,37,119,005534,2,37,119,2,2023,1.0,0.006072874493927126,0.03942307692307692
1926,648,106,1203,15,0,0,37,119,005619,2,37,119,2,2023,0.16358024691358025,0.012468827930174564,0.0
2399,708,352,733,79,0,8,37,119,001917,2,37,119,2,2023,0.4971751412429379,0.1077762619372442,0.011299435028248588
3098,1177,710,1452,24,116,0,37,119,005930,1,37,119,1,2023,0.6032285471537808,0.01652892561983471,0.09855564995751911
2448,1071,897,1755,219,13,0,37,119,005910,1,37,119,1,2023,0.8375350140056023,0.12478632478632479,0.012138188608776844
1353,615,304,523,33,0,0,37,119,002005,1,37,119,1,2023,0.4943089430894309,0.06309751434034416,0.0
2361,1188,444,1533,119,0,0,37,119,005913,2,37,119,2,2023,0.37373737373737376,0.0776255707762557,0.0
1296,599,80,872,0,0,0,37,119,003402,3,37,119,3,2023,0.1335559265442404,0.0,0.0
2813,1089,671,1526,143,60,0,37,119,005824,1,37,119,1,2023,0.6161616161616161,0.09370904325032765,0.05509641873278237
3224,731,507,1321,0,88,0,37,119,005510,1,37,119,1,2023,0.6935704514363885,0.0,0.12038303693570451
1577,681,377,1125,65,106,13,37,119,001702,1,37,119,1,2023,0.55359765051395,0.057777777777777775,0.17474302496328928
1567,877,538,840,52,54,0,37,119,005610,2,37,119,2,2023,0.61345496009122,0.06190476190476191,0.06157354618015964
1255,379,185,620,0,0,0,37,119,005855,2,37,119,2,2023,0.48812664907651715,0.0,0.0
1669,960,706,1099,31,103,0,37,119,005623,1,37,119,1,2023,0.7354166666666667,0.028207461328480437,0.10729166666666666
1931,753,53,1079,13,16,23,37,119,002702,2,37,119,2,2023,0.0703851261620186,0.012048192771084338,0.05179282868525897
495,282,246,404,10,0,0,37,119,005915,1,37,119,1,2023,0.8723404255319149,0.024752475247524754,0.0
1944,884,591,1254,23,14,0,37,119,005845,3,37,119,3,2023,0.668552036199095,0.018341307814992026,0.01583710407239819
1559,531,250,1102,69,31,0,37,119,000501,2,37,119,2,2023,0.4708097928436911,0.06261343012704174,0.0583804143126177
2412,1315,1282,1765,131,245,8,37,119,003805,2,37,119,2,2023,0.9749049429657795,0.07422096317280454,0.19239543726235742
1472,709,161,1107,42,0,9,37,119,003401,2,37,119,2,2023,0.22708039492242596,0.037940379403794036,0.012693935119887164
1675,753,384,1104,75,0,5,37,119,001802,1,37,119,1,2023,0.5099601593625498,0.06793478260869565,0.006640106241699867
2070,923,466,1400,67,124,8,37,119,001300,1,37,119,1,2023,0.504875406283857,0.047857142857142855,0.14301191765980498
980,435,435,549,0,51,0,37,119,005536,1,37,119,1,2023,1.0,0.0,0.11724137931034483
2037,1045,742,1698,19,54,11,37,119,000103,1,37,119,1,2023,0.7100478468899522,0.011189634864546525,0.06220095693779904
2319,954,873,1301,29,69,0,37,119,005534,3,37,119,3,2023,0.9150943396226415,0.022290545734050732,0.07232704402515723
1277,672,117,874,0,0,43,37,119,003500,2,37,119,2,2023,0.17410714285714285,0.0,0.06398809523809523
3498,1013,161,1616,141,0,0,37,119,005924,2,37,119,2,2023,0.15893385982230998,0.08725247524752475,0.0
2786,1118,1108,1802,60,51,0,37,119,003109,1,37,119,1,2023,0.9910554561717353,0.033296337402885685,0.04561717352415027
3202,830,287,1618,259,32,0,37,119,001922,1,37,119,1,2023,0.3457831325301205,0.16007416563658838,0.03855421686746988
1066,790,618,1004,76,76,0,37,119,004101,1,37,119,1,2023,0.7822784810126582,0.07569721115537849,0.09620253164556962
3238,995,404,1858,100,20,0,37,119,004303,1,37,119,1,2023,0.40603015075376886,0.05382131324004306,0.020100502512562814
1067,588,534,721,10,13,0,37,119,006115,2,37,119,2,2023,0.9081632653061225,0.013869625520110958,0.022108843537414966
820,252,69,622,7,0,0,37,119,005919,2,37,119,2,2023,0.27380952380952384,0.011254019292604502,0.0
2117,552,552,581,23,94,0,37,119,004306,2,37,119,2,2023,1.0,0.039586919104991396,0.17028985507246377
2196,1061,248,1667,45,0,28,37,119,003110,1,37,119,1,2023,0.23374175306314798,0.026994601079784044,0.02639019792648445
306,227,172,240,21,11,17,37,119,005200,2,37,119,2,2023,0.7577092511013216,0.0875,0.12334801762114538
3338,1228,608,1716,72,23,0,37,119,005530,1,37,119,1,2023,0.495114006514658,0.04195804195804196,0.018729641693811076
1602,730,251,1157,155,0,7,37,119,001400,1,37,119,1,2023,0.34383561643835614,0.13396715643906656,0.009589041095890411
1117,531,302,827,105,48,0,37,119,000900,2,37,119,2,2023,0.568738229755179,0.12696493349455865,0.0903954802259887
1636,721,206,1199,40,0,20,37,119,001200,3,37,119,3,2023,0.2857142857142857,0.03336113427856547,0.027739251040221916
2836,1326,582,1466,43,84,0,37,119,006109,1,37,119,1,2023,0.43891402714932126,0.029331514324693043,0.06334841628959276
1728,673,424,934,38,22,5,37,119,005920,1,37,119,1,2023,0.6300148588410104,0.04068522483940043,0.04011887072808321
805,352,110,534,11,0,0,37,119,003402,2,37,119,2,2023,0.3125,0.020599250936329586,0.0
1290,501,225,751,0,0,78,37,119,003600,3,37,119,3,2023,0.4491017964071856,0.0,0.15568862275449102
1326,547,145,735,15,9,9,37,119,002701,2,37,119,2,2023,0.26508226691042047,0.02040816326530612,0.03290676416819013
2170,654,268,1049,29,0,0,37,119,005858,1,37,119,1,2023,0.40978593272171254,0.027645376549094377,0.0
2225,1057,445,952,0,62,6,37,119,005406,1,37,119,1,2023,0.4210028382213813,0.0,0.06433301797540208
3058,1216,371,2081,287,0,0,37,119,005721,2,37,119,2,2023,0.3050986842105263,0.13791446419990389,0.0
2843,965,823,1363,38,96,0,37,119,001925,3,37,119,3,2023,0.8528497409326425,0.027879677182685254,0.09948186528497409
4922,1620,647,2491,144,38,0,37,119,005531,2,37,119,2,2023,0.3993827160493827,0.05780810919309514,0.02345679012345679
901,446,214,534,0,0,30,37,119,005517,2,37,119,2,2023,0.4798206278026906,0.0,0.06726457399103139
1813,1154,1027,1580,40,145,22,37,119,000401,1,37,119,1,2023,0.889948006932409,0.02531645569620253,0.14471403812824957
2983,821,122,1264,44,0,0,37,119,002702,1,37,119,1,2023,0.14859926918392205,0.03481012658227848,0.0
1667,504,442,656,115,83,0,37,119,001918,3,37,119,3,2023,0.876984126984127,0.17530487804878048,0.16468253968253968
768,357,192,473,23,0,0,37,119,005306,1,37,119,1,2023,0.5378151260504201,0.048625792811839326,0.0
839,350,343,480,34,71,0,37,119,005308,2,37,119,2,2023,0.98,0.07083333333333333,0.20285714285714285
202,115,71,156,0,0,0,37,119,001918,1,37,119,1,2023,0.6173913043478261,0.0,0.0
2255,1064,440,1387,31,0,0,37,119,005528,2,37,119,2,2023,0.41353383458646614,0.022350396539293438,0.0
2266,886,253,1217,82,55,0,37,119,006103,1,37,119,1,2023,0.28555304740406323,0.06737880032867707,0.062076749435665914
1012,813,801,949,20,105,0,37,119,003301,1,37,119,1,2023,0.985239852398524,0.02107481559536354,0.12915129151291513
738,315,173,510,0,0,22,37,119,001702,3,37,119,3,2023,0.5492063492063493,0.0,0.06984126984126984
1635,517,170,901,529,0,0,37,119,006012,2,37,119,2,2023,0.3288201160541586,0.5871254162042175,0.0
1935,661,215,1211,67,36,0,37,119,006108,2,37,119,2,2023,0.32526475037821484,0.05532617671345995,0.05446293494704992
2867,952,253,1439,87,0,0,37,119,001508,1,37,119,1,2023,0.2657563025210084,0.06045865184155664,0.0
2730,1086,296,1618,45,0,0,37,119,006105,1,37,119,1,2023,0.27255985267034993,0.02781211372064277,0.0
364,184,38,221,0,14,9,37,119,002400,3,37,119,3,2023,0.20652173913043478,0.0,0.125
1800,667,27,876,0,0,95,37,119,002004,1,37,119,1,2023,0.04047976011994003,0.0,0.1424287856071964
935,408,39,680,0,0,0,37,119,003201,1,37,119,1,2023,0.09558823529411764,0.0,0.0
594,354,239,497,10,0,0,37,119,003301,2,37,119,2,2023,0.6751412429378532,0.02012072434607646,0.0
1791,777,242,1238,127,0,52,37,119,001504,2,37,119,2,2023,0.31145431145431146,0.10258481421647819,0.06692406692406692
1284,503,503,766,84,39,0,37,119,005916,1,37,119,1,2023,1.0,0.10966057441253264,0.0775347912524851
1001,645,217,658,61,25,15,37,119,005828,3,37,119,3,2023,0.3364341085271318,0.09270516717325228,0.06201550387596899
1557,894,735,698,45,175,0,37,119,005100,2,37,119,2,2023,0.8221476510067114,0.06446991404011461,0.19574944071588368
1019,383,11,622,12,0,15,37,119,005517,1,37,119,1,2023,0.028720626631853787,0.01929260450160772,0.0391644908616188
1550,546,252,748,23,0,0,37,119,001920,1,37,119,1,2023,0.46153846153846156,0.03074866310160428,0.0
1944,616,295,975,35,0,10,37,119,005855,1,37,119,1,2023,0.4788961038961039,0.035897435897435895,0.016233766233766232
1896,599,33,1149,62,0,0,37,119,005718,2,37,119,2,2023,0.05509181969949917,0.053959965187119235,0.0
3297,1138,185,1632,124,0,24,37,119,005817,2,37,119,2,2023,0.1625659050966608,0.07598039215686274,0.0210896309314587
990,464,333,534,23,25,0,37,119,000800,2,37,119,2,2023,0.7176724137931034,0.04307116104868914,0.05387931034482758
454,137,60,125,0,15,4,37,119,005200,1,37,119,1,2023,0.43795620437956206,0.0,0.1386861313868613
3324,1154,51,1772,41,0,13,37,119,005714,1,37,119,1,2023,0.04419410745233969,0.023137697516930022,0.011265164644714038
1316,702,702,800,0,0,0,37,119,005532,1,37,119,1,2023,1.0,0.0,0.0
1895,653,36,899,22,23,19,37,119,002006,2,37,119,2,2023,0.055130168453292494,0.024471635150166853,0.06431852986217458
3445,1083,117,1952,52,0,0,37,119,005925,1,37,119,1,2023,0.10803324099722991,0.02663934426229508,0.0
2909,1593,1593,2133,33,73,0,37,119,006115,1,37,119,1,2023,1.0,0.015471167369901548,0.045825486503452605
5333,1327,421,3272,11,0,0,37,119,005927,1,37,119,1,2023,0.3172569706103994,0.0033618581907090463,0.0
1161,581,248,925,61,0,0,37,119,003111,3,37,119,3,2023,0.4268502581755594,0.06594594594594595,0.0
961,347,55,385,0,0,0,37,119,002702,3,37,119,3,2023,0.1585014409221902,0.0,0.0
3743,1156,292,1801,172,43,0,37,119,006011,1,37,119,1,2023,0.25259515570934254,0.09550249861188229,0.037197231833910036
1812,614,278,1047,161,0,0,37,119,006016,1,37,119,1,2023,0.4527687296416938,0.15377268385864373,0.0
1111,480,282,753,31,31,0,37,119,003021,1,37,119,1,2023,0.5875,0.041168658698539175,0.06458333333333334
3370,1103,257,1717,100,0,0,37,119,006012,1,37,119,1,2023,0.23300090661831369,0.05824111822947001,0.0
1643,470,212,759,58,26,0,37,119,004700,1,37,119,1,2023,0.451063829787234,0.0764163372859025,0.05531914893617021
20,20,0,0,0,0,0,37,119,980300,1,37,119,1,2023,0.0,,0.0
1519,434,240,728,41,61,0,37,119,001910,3,37,119,3,2023,0.5529953917050692,0.05631868131868132,0.14055299539170507
2588,1015,323,1440,21,12,14,37,119,005404,2,37,119,2,2023,0.31822660098522165,0.014583333333333334,0.02561576354679803
1204,531,341,697,36,25,42,37,119,001606,2,37,119,2,2023,0.6421845574387948,0.05164992826398852,0.12617702448210924
2451,931,676,1346,131,109,7,37,119,001608,1,37,119,1,2023,0.7261009667024705,0.09732540861812779,0.12459720730397422
1853,865,483,1241,82,30,9,37,119,001802,2,37,119,2,2023,0.5583815028901734,0.06607574536663981,0.04508670520231214
984,442,373,477,78,105,18,37,119,003702,2,37,119,2,2023,0.8438914027149321,0.16352201257861634,0.27828054298642535
775,485,418,582,0,95,58,37,119,005535,1,37,119,1,2023,0.8618556701030928,0.0,0.3154639175257732
1013,475,475,703,40,60,0,37,119,001927,1,37,119,1,2023,1.0,0.05689900426742532,0.12631578947368421
1013,579,475,600,29,84,0,37,119,004306,1,37,119,1,2023,0.8203799654576857,0.04833333333333333,0.14507772020725387
1172,410,127,615,2,42,23,37,119,006005,1,37,119,1,2023,0.3097560975609756,0.0032520325203252032,0.15853658536585366
610,277,168,313,16,0,18,37,119,004200,2,37,119,2,2023,0.6064981949458483,0.051118210862619806,0.06498194945848375
356,303,168,252,19,0,0,37,119,002300,1,37,119,1,2023,0.5544554455445545,0.07539682539682539,0.0
325,177,5,134,0,0,0,37,019,020512,1,37,019,1,2023,0.02824858757062147,0.0,0.0
1178,423,21,612,25,0,0,37,119,005512,1,37,119,1,2023,0.04964539007092199,0.04084967320261438,0.0
1566,566,292,870,9,6,0,37,119,004400,3,37,119,3,2023,0.5159010600706714,0.010344827586206896,0.01060070671378092
2087,737,138,1198,23,0,9,37,119,005710,1,37,119,1,2023,0.18724559023066487,0.019198664440734557,0.012211668928086838
1066,586,357,455,13,146,110,37,119,004800,1,37,119,1,2023,0.6092150170648464,0.02857142857142857,0.43686006825938567
1785,661,124,942,9,36,0,37,119,006009,2,37,119,2,2023,0.1875945537065053,0.009554140127388535,0.05446293494704992
1307,412,8,541,12,0,7,37,119,002800,2,37,119,2,2023,0.019417475728155338,0.022181146025878003,0.01699029126213592
2428,1154,84,1216,33,18,9,37,119,005919,1,37,119,1,2023,0.07279029462738301,0.027138157894736843,0.02339688041594454
3128,1325,720,2194,83,67,0,37,119,005611,2,37,119,2,2023,0.5433962264150943,0.037830446672743843,0.050566037735849056
2601,1174,694,1843,53,0,14,37,119,005929,1,37,119,1,2023,0.5911413969335605,0.02875746066196419,0.01192504258943782
4554,1374,413,2219,31,37,22,37,119,005403,1,37,119,1,2023,0.3005822416302766,0.013970256872465074,0.04294032023289665
3358,1123,196,1769,41,19,41,37,119,006110,3,37,119,3,2023,0.1745325022261799,0.023176936122102882,0.053428317008014245
927,317,147,469,15,0,0,37,119,005811,2,37,119,2,2023,0.4637223974763407,0.031982942430703626,0.0
1147,391,245,549,73,59,14,37,119,005100,1,37,119,1,2023,0.6265984654731458,0.13296903460837886,0.1867007672634271
915,363,172,633,271,26,0,37,119,004102,1,37,119,1,2023,0.4738292011019284,0.42812006319115326,0.07162534435261708
1050,568,305,680,89,83,55,37,119,001504,3,37,119,3,2023,0.5369718309859155,0.13088235294117648,0.24295774647887325
636,319,173,304,43,51,0,37,119,001510,2,37,119,2,2023,0.542319749216301,0.14144736842105263,0.15987460815047022
2502,958,286,1625,44,0,7,37,119,005624,1,37,119,1,2023,0.2985386221294363,0.02707692307692308,0.007306889352818371
2289,1205,762,1771,33,81,29,37,119,006113,2,37,119,2,2023,0.6323651452282157,0.018633540372670808,0.0912863070539419
3104,967,528,1674,74,29,28,37,119,001606,1,37,119,1,2023,0.546018614270941,0.04420549581839905,0.05894519131334023
669,248,51,232,21,0,0,37,119,005520,1,37,119,1,2023,0.2056451612903226,0.09051724137931035,0.0
2360,751,3,1206,38,3,0,37,119,005846,2,37,119,2,2023,0.0039946737683089215,0.03150912106135987,0.0039946737683089215
1842,663,152,720,56,120,0,37,119,005847,1,37,119,1,2023,0.22926093514328807,0.07777777777777778,0.18099547511312217
325,199,72,258,0,0,0,37,119,001801,2,37,119,2,2023,0.36180904522613067,0.0,0.0
1282,555,351,362,27,56,21,37,119,005305,1,37,119,1,2023,0.6324324324324324,0.07458563535911603,0.13873873873873874
2804,1110,465,1442,6,33,29,37,119,005512,3,37,119,3,2023,0.4189189189189189,0.004160887656033287,0.055855855855855854
581,341,82,501,31,0,9,37,119,005526,2,37,119,2,2023,0.2404692082111437,0.06187624750499002,0.026392961876832845
3214,1056,68,1603,43,26,13,37,119,003008,1,37,119,1,2023,0.06439393939393939,0.026824703680598878,0.036931818181818184
1634,728,245,885,0,0,0,37,119,006110,2,37,119,2,2023,0.33653846153846156,0.0,0.0
2339,792,310,1119,9,0,41,37,119,006111,2,37,119,2,2023,0.39141414141414144,0.00804289544235925,0.05176767676767677
3289,1075,807,2180,254,83,30,37,119,003808,3,37,119,3,2023,0.7506976744186047,0.11651376146788991,0.10511627906976745
1531,751,751,1115,0,29,0,37,119,001927,2,37,119,2,2023,1.0,0.0,0.03861517976031957
1781,1003,850,1638,29,8,0,37,119,001100,3,37,119,3,2023,0.847457627118644,0.017704517704517704,0.007976071784646061
570,224,42,239,12,0,4,37,119,004900,1,37,119,1,2023,0.1875,0.0502092050209205,0.017857142857142856
5936,1943,72,3318,50,0,16,37,119,005926,1,37,119,1,2023,0.03705609881626351,0.015069318866787222,0.008234688625836336
2257,845,595,1011,51,131,0,37,119,001200,1,37,119,1,2023,0.7041420118343196,0.050445103857566766,0.15502958579881657
3161,1190,34,1634,47,0,16,37,119,005816,1,37,119,1,2023,0.02857142857142857,0.02876376988984088,0.013445378151260505
2354,815,184,1306,53,26,30,37,119,006005,2,37,119,2,2023,0.22576687116564417,0.04058192955589587,0.0687116564417178
871,551,460,827,8,0,0,37,119,000302,1,37,119,1,2023,0.8348457350272233,0.009673518742442563,0.0
2070,592,114,1098,114,0,11,37,119,001920,2,37,119,2,2023,0.19256756756756757,0.10382513661202186,0.018581081081081082
1088,361,130,532,0,0,0,37,119,005621,3,37,119,3,2023,0.3601108033240997,0.0,0.0
2545,903,87,1317,43,0,0,37,119,005627,3,37,119,3,2023,0.09634551495016612,0.032649962034927864,0.0
1671,771,600,977,19,93,0,37,119,001605,1,37,119,1,2023,0.7782101167315175,0.019447287615148412,0.12062256809338522
2035,1112,1095,1299,2,185,0,37,119,005609,1,37,119,1,2023,0.9847122302158273,0.001539645881447267,0.16636690647482014
